London,11.49,87.0,991.0,7.72,75.0
New York,6.67,71.0,1006.0,5.36,99.0
Paris,9.87,85.0,1005.0,8.75,100.0
Sydney,19.05,72.0,1021.0,0.89,100.0
Tokyo,7.05,81.0,1009.0,2.06,100.0
Dubai,21.86,73.0,1016.0,1.03,3.0
Moscow,0.53,99.0,997.0,1.05,100.0
London,11.56,86.0,991.0,7.72,75.0
New York,6.67,71.0,1006.0,5.36,99.0
Paris,9.87,85.0,1005.0,8.75,100.0
Sydney,19.19,72.0,1021.0,1.34,100.0
Tokyo,7.03,82.0,1009.0,2.06,100.0
Dubai,22.83,70.0,1016.0,0.51,3.0
Moscow,0.66,99.0,997.0,0.66,100.0
London,11.56,86.0,991.0,7.72,75.0
New York,6.68,70.0,1007.0,6.69,100.0
Paris,9.85,85.0,1005.0,8.75,100.0
Sydney,19.19,72.0,1021.0,1.34,100.0
Tokyo,7.03,82.0,1009.0,2.06,100.0
Dubai,22.83,70.0,1016.0,0.51,3.0
Moscow,0.66,99.0,997.0,0.66,100.0
London,11.6,86.0,990.0,7.72,100.0
New York,6.68,70.0,1007.0,6.69,100.0
Paris,9.85,85.0,1005.0,8.75,100.0
Sydney,19.29,72.0,1020.0,5.66,75.0
Tokyo,6.88,82.0,1009.0,2.06,100.0
Dubai,21.09,78.0,1016.0,2.06,3.0
Moscow,0.66,99.0,997.0,1.05,100.0
London,11.6,86.0,990.0,7.72,100.0
New York,6.67,70.0,1006.0,6.69,100.0
Paris,9.82,85.0,1005.0,6.69,75.0
Sydney,19.29,72.0,1020.0,5.66,75.0
Tokyo,6.88,82.0,1009.0,2.06,100.0
Dubai,21.09,78.0,1016.0,2.06,3.0
Moscow,0.66,99.0,997.0,1.05,100.0
London,11.71,85.0,990.0,7.72,100.0
New York,6.67,70.0,1006.0,6.69,100.0
Paris,9.82,85.0,1005.0,6.69,75.0
Sydney,19.38,71.0,1021.0,4.63,75.0
Tokyo,6.81,81.0,1009.0,4.12,100.0
Moscow,0.62,99.0,997.0,1.05,100.0
Dubai,21.09,78.0,1016.0,2.06,3.0
London,11.71,85.0,990.0,7.72,100.0
New York,6.6,70.0,1007.0,6.69,100.0
Paris,9.84,85.0,1004.0,6.69,75.0
Sydney,19.38,71.0,1021.0,4.63,75.0
Tokyo,6.81,81.0,1009.0,4.12,100.0
Dubai,21.09,78.0,1016.0,2.06,3.0
Moscow,0.62,99.0,997.0,1.05,100.0
London,11.81,84.0,990.0,7.72,100.0
New York,6.6,70.0,1007.0,6.69,100.0
Paris,9.84,85.0,1004.0,6.69,75.0
Sydney,19.58,71.0,1020.0,4.63,75.0
Tokyo,6.71,80.0,1009.0,4.12,100.0
Dubai,21.09,78.0,1016.0,2.06,3.0
Moscow,0.66,99.0,997.0,1.05,100.0
London,11.81,84.0,990.0,7.72,100.0
New York,6.49,71.0,1007.0,6.69,100.0
Paris,9.79,85.0,1004.0,6.69,75.0
Sydney,19.58,71.0,1020.0,4.63,75.0
Tokyo,6.71,80.0,1009.0,4.12,100.0
Dubai,21.09,78.0,1016.0,2.06,3.0
Moscow,0.66,99.0,997.0,1.05,100.0
London,11.84,84.0,989.0,9.26,75.0
New York,6.49,71.0,1007.0,6.69,100.0
Paris,9.79,85.0,1004.0,6.69,75.0
Sydney,19.62,70.0,1020.0,4.63,75.0
Tokyo,6.63,81.0,1009.0,4.12,100.0
Dubai,21.09,78.0,1016.0,2.06,4.0
Moscow,0.66,99.0,997.0,1.18,100.0
London,11.84,84.0,989.0,9.26,75.0
New York,6.45,71.0,1007.0,6.69,100.0
Paris,9.73,85.0,1004.0,7.72,100.0
Sydney,19.62,70.0,1020.0,4.63,75.0
Tokyo,6.63,81.0,1009.0,4.12,100.0
Dubai,21.09,78.0,1016.0,2.06,4.0
Moscow,0.66,99.0,997.0,1.18,100.0
London,11.89,83.0,989.0,9.26,75.0
New York,6.45,71.0,1007.0,6.69,100.0
Paris,9.73,85.0,1004.0,7.72,100.0
Sydney,19.79,69.0,1021.0,6.17,75.0
Tokyo,6.6,82.0,1009.0,4.12,100.0
Dubai,21.09,78.0,1016.0,2.06,4.0
Moscow,0.66,99.0,997.0,1.18,100.0
London,11.89,83.0,989.0,9.26,75.0
New York,6.33,73.0,1007.0,3.13,99.0
Paris,9.66,85.0,1004.0,7.72,100.0
Sydney,19.79,69.0,1021.0,6.17,75.0
Tokyo,6.6,82.0,1009.0,4.12,100.0
Dubai,21.09,78.0,1016.0,2.06,4.0
Moscow,0.66,99.0,997.0,1.18,100.0
New York,6.32,72.0,1007.0,5.14,75.0
London,11.89,83.0,989.0,9.26,75.0
Paris,9.66,86.0,1004.0,7.72,100.0
Sydney,19.69,70.0,1021.0,6.17,75.0
Dubai,21.09,78.0,1016.0,2.06,4.0
Tokyo,6.59,82.0,1009.0,4.12,100.0
Moscow,0.66,99.0,997.0,1.18,100.0
London,11.88,82.0,989.0,8.75,75.0
New York,6.32,72.0,1007.0,5.14,75.0
Paris,9.66,86.0,1004.0,7.72,100.0
Sydney,19.69,70.0,1021.0,6.17,75.0
Tokyo,6.64,83.0,1009.0,4.12,100.0
Dubai,21.09,78.0,1016.0,1.54,4.0
Moscow,0.66,99.0,997.0,1.18,100.0
London,11.88,82.0,989.0,8.75,75.0
New York,6.3,72.0,1007.0,5.14,75.0
Sydney,19.73,70.0,1020.0,6.17,75.0
Paris,9.7,86.0,1003.0,7.72,100.0
Tokyo,6.64,83.0,1009.0,4.12,100.0
Moscow,0.59,99.0,997.0,1.18,100.0
Dubai,21.09,78.0,1016.0,1.54,4.0
London,11.67,83.0,988.0,8.75,75.0
New York,6.3,72.0,1007.0,5.14,75.0
Paris,9.7,86.0,1003.0,7.72,100.0
Sydney,19.73,70.0,1020.0,6.17,75.0
Dubai,21.09,78.0,1016.0,1.54,4.0
Tokyo,6.74,84.0,1009.0,3.6,100.0
Moscow,0.59,99.0,997.0,1.18,100.0
London,11.67,83.0,988.0,8.75,75.0
New York,6.28,71.0,1007.0,5.14,75.0
Paris,9.73,85.0,1003.0,7.72,100.0
Sydney,19.74,69.0,1021.0,5.66,75.0
Tokyo,6.74,84.0,1009.0,3.6,100.0
Dubai,21.09,78.0,1016.0,1.54,4.0
Moscow,0.3,99.0,997.0,1.18,100.0
London,11.42,84.0,988.0,8.75,75.0
New York,6.28,71.0,1007.0,5.14,75.0
Paris,9.73,85.0,1003.0,7.72,100.0
Sydney,19.74,69.0,1021.0,5.66,75.0
Tokyo,6.76,84.0,1009.0,3.6,100.0
Dubai,21.09,78.0,1016.0,2.06,4.0
Moscow,0.3,99.0,997.0,1.18,100.0
London,11.42,84.0,988.0,8.75,75.0
New York,6.19,70.0,1007.0,5.14,75.0
Paris,9.72,86.0,1002.0,7.72,100.0
Tokyo,6.76,84.0,1009.0,3.6,100.0
Sydney,19.99,68.0,1020.0,5.66,75.0
Dubai,21.09,78.0,1016.0,2.06,4.0
Moscow,0.3,99.0,997.0,2.64,100.0
New York,6.19,70.0,1007.0,5.14,75.0
London,10.46,86.0,988.0,8.23,75.0
Paris,9.72,86.0,1002.0,7.72,100.0
Sydney,19.99,68.0,1020.0,5.66,75.0
Dubai,21.09,78.0,1016.0,2.06,0.0
Tokyo,6.88,84.0,1008.0,3.6,100.0
Moscow,0.3,99.0,997.0,2.64,100.0
London,10.46,86.0,988.0,8.23,75.0
New York,6.04,70.0,1007.0,5.14,75.0
Paris,9.74,86.0,1002.0,8.75,100.0
Sydney,20.09,67.0,1020.0,5.66,75.0
Tokyo,6.88,84.0,1008.0,3.6,100.0
Dubai,21.09,78.0,1016.0,2.06,0.0
Moscow,0.3,99.0,997.0,2.64,100.0
London,10.44,84.0,989.0,8.23,75.0
New York,6.04,70.0,1007.0,5.14,75.0
Paris,9.74,86.0,1002.0,8.75,100.0
Sydney,20.09,67.0,1020.0,5.66,75.0
Tokyo,6.96,84.0,1008.0,4.12,100.0
Dubai,21.09,78.0,1016.0,2.06,0.0
Moscow,0.3,99.0,997.0,2.64,100.0
London,10.44,84.0,989.0,8.23,75.0
New York,5.97,69.0,1008.0,4.92,75.0
Sydney,20.4,68.0,1021.0,6.17,75.0
Paris,9.73,86.0,1002.0,8.75,100.0
Tokyo,6.96,84.0,1008.0,4.12,100.0
Dubai,21.09,78.0,1016.0,2.06,0.0
Moscow,0.3,99.0,997.0,2.64,100.0
New York,5.97,69.0,1008.0,4.92,75.0
London,10.08,85.0,989.0,8.23,75.0
Paris,9.73,86.0,1002.0,8.75,100.0
Sydney,20.4,68.0,1021.0,6.17,75.0
Tokyo,7.19,85.0,1008.0,4.12,100.0
Moscow,0.3,99.0,997.0,2.64,100.0
Dubai,21.09,78.0,1016.0,2.06,0.0
London,10.08,85.0,989.0,8.23,75.0
New York,5.87,67.0,1007.0,8.23,100.0
Paris,9.72,86.0,1002.0,8.75,100.0
Sydney,20.4,66.0,1020.0,6.17,75.0
Dubai,21.09,78.0,1016.0,2.06,0.0
Tokyo,7.19,85.0,1008.0,4.12,100.0
Moscow,0.3,99.0,997.0,2.64,100.0
London,9.55,85.0,989.0,9.26,75.0
New York,5.87,67.0,1007.0,8.23,100.0
Paris,9.72,86.0,1002.0,8.75,100.0
Sydney,20.4,66.0,1020.0,6.17,75.0
Tokyo,7.74,80.0,1007.0,4.12,100.0
Dubai,20.09,83.0,1016.0,3.09,0.0
Moscow,0.3,99.0,997.0,2.64,100.0
London,9.55,85.0,989.0,9.26,75.0
New York,5.79,66.0,1008.0,8.23,100.0
Paris,9.72,86.0,1001.0,7.72,100.0
Sydney,20.53,66.0,1020.0,6.17,75.0
Tokyo,7.74,80.0,1007.0,4.12,100.0
Dubai,20.09,83.0,1016.0,3.09,0.0
Moscow,0.3,99.0,997.0,2.64,100.0
London,9.38,85.0,989.0,9.26,75.0
New York,5.79,66.0,1008.0,8.23,100.0
Paris,9.72,86.0,1001.0,7.72,100.0
Sydney,20.53,66.0,1020.0,6.17,75.0
Dubai,20.09,83.0,1016.0,3.09,0.0
Tokyo,7.8,80.0,1007.0,3.6,75.0
Moscow,0.3,99.0,997.0,2.64,100.0
London,9.38,85.0,989.0,9.26,75.0
Paris,9.79,86.0,1001.0,7.72,100.0
New York,5.72,65.0,1008.0,8.23,100.0
Sydney,20.63,66.0,1021.0,5.14,100.0
Tokyo,7.8,80.0,1007.0,3.6,75.0
Dubai,20.09,83.0,1016.0,3.09,0.0
Moscow,0.59,99.0,997.0,2.64,100.0
London,9.25,85.0,989.0,9.26,75.0
New York,5.72,65.0,1008.0,8.23,100.0
Paris,9.79,86.0,1001.0,7.72,100.0
Sydney,20.63,66.0,1021.0,5.14,100.0
Tokyo,8.05,80.0,1007.0,3.6,75.0
Dubai,20.09,83.0,1016.0,3.09,0.0
Moscow,0.59,99.0,997.0,2.64,100.0
London,9.25,85.0,989.0,9.26,75.0
New York,5.53,65.0,1008.0,8.23,100.0
Paris,9.7,85.0,1001.0,7.72,100.0
Sydney,20.59,67.0,1020.0,5.14,100.0
Dubai,20.09,83.0,1016.0,3.09,0.0
Tokyo,8.05,80.0,1007.0,3.6,75.0
Moscow,0.64,99.0,997.0,3.27,100.0
London,8.44,89.0,987.0,6.69,100.0
New York,5.53,65.0,1008.0,8.23,100.0
Sydney,20.59,67.0,1020.0,5.14,100.0
Paris,9.7,85.0,1001.0,7.72,100.0
Tokyo,8.13,80.0,1007.0,3.6,75.0
Dubai,20.09,83.0,1016.0,3.09,0.0
Moscow,0.64,99.0,997.0,3.27,100.0
New York,5.48,64.0,1008.0,8.23,100.0
London,8.44,89.0,987.0,6.69,100.0
Paris,9.71,85.0,1001.0,7.2,100.0
Tokyo,8.13,80.0,1007.0,3.6,75.0
Sydney,20.61,67.0,1020.0,5.14,100.0
Dubai,20.09,83.0,1016.0,3.09,0.0
Moscow,0.66,99.0,997.0,3.27,100.0
London,8.39,89.0,987.0,6.69,100.0
New York,5.48,64.0,1008.0,8.23,100.0
Sydney,20.61,67.0,1020.0,5.14,100.0
Paris,9.71,85.0,1001.0,7.2,100.0
Tokyo,8.46,80.0,1006.0,3.09,75.0
Moscow,0.66,99.0,997.0,3.27,100.0
Dubai,20.09,83.0,1016.0,3.09,0.0
London,8.39,89.0,987.0,6.69,100.0
New York,5.33,65.0,1008.0,4.02,49.0
Paris,9.71,85.0,1000.0,7.2,100.0
Sydney,20.68,67.0,1021.0,5.14,100.0
Tokyo,8.46,80.0,1006.0,3.09,75.0
Dubai,20.09,83.0,1016.0,3.09,0.0
Moscow,0.66,99.0,997.0,3.27,100.0
London,8.28,89.0,987.0,6.69,100.0
New York,5.33,65.0,1008.0,4.02,49.0
Sydney,20.68,67.0,1021.0,5.14,100.0
Paris,9.71,85.0,1000.0,7.2,100.0
Tokyo,8.5,80.0,1007.0,3.09,75.0
Dubai,20.09,83.0,1016.0,3.09,0.0
Moscow,0.66,99.0,997.0,3.27,100.0
London,8.11,90.0,987.0,5.66,75.0
New York,5.26,63.0,1009.0,5.14,0.0
Paris,9.71,85.0,1000.0,7.2,100.0
Tokyo,8.88,81.0,1006.0,3.09,75.0
Sydney,20.64,67.0,1021.0,5.14,100.0
Dubai,20.09,83.0,1016.0,3.09,0.0
Moscow,0.66,99.0,997.0,3.27,100.0
New York,5.26,63.0,1009.0,5.14,0.0
London,8.11,90.0,987.0,5.66,75.0
Paris,9.71,85.0,1000.0,7.2,100.0
Sydney,20.55,68.0,1021.0,5.14,100.0
Tokyo,8.88,81.0,1006.0,3.09,75.0
Dubai,20.32,88.0,1016.0,4.12,0.0
Moscow,0.66,99.0,997.0,3.27,100.0
New York,5.19,63.0,1009.0,5.14,0.0
London,8.06,90.0,987.0,5.66,75.0
Paris,9.7,85.0,1000.0,7.2,100.0
Tokyo,9.14,80.0,1006.0,3.09,75.0
Sydney,20.55,68.0,1021.0,5.14,100.0
Dubai,20.32,88.0,1016.0,4.12,0.0
Moscow,0.85,99.0,997.0,3.27,100.0
New York,5.19,63.0,1009.0,5.14,0.0
London,8.06,90.0,987.0,5.66,75.0
Paris,9.7,85.0,1000.0,7.2,100.0
Sydney,20.35,67.0,1021.0,4.63,100.0
Tokyo,9.14,80.0,1006.0,3.09,75.0
Dubai,20.32,88.0,1016.0,4.12,0.0
Moscow,0.85,99.0,997.0,3.27,100.0
London,8.04,91.0,987.0,5.66,75.0
New York,5.12,63.0,1009.0,5.14,0.0
Paris,9.96,85.0,1000.0,7.72,100.0
Sydney,20.35,67.0,1021.0,4.63,100.0
Tokyo,9.35,79.0,1006.0,2.57,75.0
Moscow,0.85,99.0,997.0,3.27,100.0
Dubai,20.32,88.0,1016.0,4.12,0.0
London,8.04,91.0,987.0,5.66,75.0
Paris,9.96,85.0,1000.0,7.72,100.0
New York,5.12,63.0,1009.0,5.14,0.0
Sydney,20.37,67.0,1021.0,4.63,100.0
Tokyo,9.35,79.0,1006.0,2.57,75.0
Dubai,20.32,88.0,1016.0,4.12,0.0
Moscow,0.85,99.0,997.0,3.27,100.0
London,8.01,91.0,987.0,5.66,75.0
New York,4.97,63.0,1008.0,5.14,0.0
Paris,9.99,84.0,1000.0,7.72,100.0
Sydney,20.37,67.0,1021.0,4.63,100.0
Tokyo,9.24,80.0,1005.0,2.57,75.0
Dubai,20.32,88.0,1016.0,4.12,0.0
Moscow,0.85,99.0,997.0,3.43,100.0
London,8.01,91.0,987.0,5.66,75.0
New York,4.97,63.0,1008.0,5.14,0.0
Paris,9.99,84.0,1000.0,7.72,100.0
Tokyo,9.24,80.0,1005.0,2.57,75.0
Sydney,20.32,67.0,1021.0,4.63,100.0
Dubai,20.32,88.0,1016.0,4.12,1.0
Moscow,0.85,99.0,997.0,3.43,100.0
New York,4.92,63.0,1009.0,5.14,0.0
London,7.97,91.0,987.0,5.66,75.0
Paris,9.99,84.0,999.0,7.72,100.0
Sydney,20.32,67.0,1021.0,4.63,100.0
Tokyo,9.58,78.0,1005.0,2.57,75.0
Dubai,20.32,88.0,1016.0,4.12,1.0
Moscow,0.88,99.0,997.0,3.43,100.0
London,7.97,91.0,987.0,5.66,75.0
Paris,9.99,84.0,999.0,7.72,100.0
New York,4.92,63.0,1009.0,5.14,0.0
Sydney,20.57,67.0,1021.0,4.63,100.0
Dubai,20.32,88.0,1016.0,4.12,1.0
Tokyo,9.58,78.0,1005.0,2.57,75.0
Moscow,0.88,99.0,997.0,3.43,100.0
London,8.04,91.0,986.0,5.66,75.0
New York,4.7,65.0,1009.0,2.68,0.0
Paris,10.03,84.0,999.0,9.26,75.0
Sydney,20.57,67.0,1021.0,4.63,100.0
Tokyo,10.02,78.0,1004.0,2.57,75.0
Moscow,0.88,99.0,997.0,3.43,100.0
Dubai,20.32,88.0,1016.0,4.12,1.0
London,8.04,91.0,986.0,5.66,75.0
New York,4.7,65.0,1009.0,2.68,0.0
Paris,10.03,84.0,999.0,9.26,75.0
Sydney,20.57,67.0,1021.0,4.63,100.0
Dubai,20.32,88.0,1016.0,4.12,1.0
Tokyo,10.02,78.0,1004.0,2.57,75.0
Moscow,0.88,99.0,997.0,3.43,100.0
London,8.02,91.0,986.0,5.66,75.0
New York,4.61,64.0,1009.0,5.14,0.0
Paris,9.98,84.0,999.0,9.26,75.0
Sydney,20.57,67.0,1021.0,4.63,100.0
Tokyo,9.99,78.0,1005.0,2.57,75.0
Moscow,0.88,99.0,997.0,3.43,100.0
Dubai,20.32,88.0,1016.0,4.12,1.0
London,8.02,91.0,986.0,5.66,75.0
New York,4.61,64.0,1009.0,5.14,0.0
Sydney,20.64,66.0,1020.0,4.63,100.0
Paris,9.98,84.0,999.0,9.26,75.0
Tokyo,9.99,78.0,1005.0,2.57,75.0
Moscow,0.88,99.0,997.0,3.43,100.0
Dubai,22.6,69.0,1017.0,0.46,1.0
London,8.04,91.0,986.0,5.14,75.0
New York,4.54,64.0,1009.0,5.14,0.0
Paris,9.97,84.0,999.0,9.26,75.0
Sydney,20.64,66.0,1020.0,4.63,100.0
Tokyo,10.7,77.0,1003.0,2.57,75.0
Dubai,22.6,69.0,1017.0,0.46,1.0
Moscow,0.88,99.0,997.0,3.43,100.0
London,8.04,91.0,986.0,5.14,75.0
New York,4.54,64.0,1009.0,5.14,0.0
Paris,9.97,84.0,999.0,9.26,75.0
Sydney,20.81,66.0,1021.0,4.63,75.0
Dubai,19.77,88.0,1017.0,2.06,1.0
Tokyo,10.7,77.0,1003.0,2.57,75.0
Moscow,0.88,99.0,997.0,3.43,100.0
New York,4.45,65.0,1009.0,5.14,0.0
London,8.06,92.0,986.0,5.14,75.0
Paris,10.28,82.0,999.0,7.72,0.0
Sydney,20.81,66.0,1021.0,4.63,75.0
Tokyo,10.71,75.0,1003.0,3.6,40.0
Dubai,19.77,88.0,1017.0,2.06,1.0
Moscow,0.88,99.0,997.0,3.43,100.0
London,8.06,92.0,986.0,5.14,75.0
New York,4.45,65.0,1009.0,5.14,0.0
Paris,10.28,82.0,999.0,7.72,0.0
Tokyo,10.71,75.0,1003.0,3.6,40.0
Sydney,20.8,67.0,1021.0,4.63,75.0
Dubai,19.77,88.0,1017.0,2.06,1.0
Moscow,0.88,99.0,997.0,3.43,100.0
New York,4.32,65.0,1009.0,5.14,0.0
London,8.06,91.0,986.0,5.14,75.0
Paris,10.4,82.0,999.0,7.72,0.0
Sydney,20.8,67.0,1021.0,4.63,75.0
Tokyo,11.03,74.0,1003.0,3.6,40.0
Dubai,19.77,88.0,1017.0,2.06,1.0
Moscow,0.88,99.0,997.0,3.7,100.0
New York,4.32,65.0,1009.0,5.14,0.0
London,8.06,91.0,986.0,5.14,75.0
Paris,10.4,82.0,999.0,7.72,0.0
Sydney,20.71,67.0,1021.0,4.63,75.0
Tokyo,11.03,74.0,1003.0,3.6,40.0
Dubai,19.77,88.0,1017.0,2.06,2.0
Moscow,0.88,99.0,997.0,3.7,100.0
London,8.09,91.0,985.0,4.63,75.0
New York,4.26,66.0,1009.0,5.14,0.0
Paris,10.62,81.0,998.0,8.75,100.0
Sydney,20.71,67.0,1021.0,4.63,75.0
Tokyo,11.24,73.0,1003.0,3.09,40.0
Dubai,19.77,88.0,1017.0,2.06,2.0
Moscow,0.88,99.0,997.0,3.7,100.0
London,8.09,91.0,985.0,4.63,75.0
New York,4.26,66.0,1009.0,5.14,0.0
Paris,10.62,81.0,998.0,8.75,100.0
Sydney,20.75,67.0,1021.0,5.66,75.0
Tokyo,11.24,73.0,1003.0,3.09,40.0
Dubai,19.77,88.0,1017.0,2.06,2.0
Moscow,0.88,99.0,997.0,3.7,100.0
New York,4.15,67.0,1010.0,4.02,0.0
London,8.14,92.0,985.0,4.63,75.0
Paris,10.75,80.0,998.0,8.75,100.0
Tokyo,11.24,73.0,1003.0,3.09,40.0
Sydney,20.75,67.0,1021.0,5.66,75.0
Dubai,19.77,88.0,1017.0,2.06,2.0
Moscow,1.03,99.0,997.0,3.7,100.0
New York,4.15,67.0,1010.0,4.02,0.0
London,8.14,92.0,985.0,4.63,75.0
Paris,10.75,80.0,998.0,8.75,100.0
Tokyo,11.24,73.0,1003.0,3.09,40.0
Sydney,20.77,67.0,1021.0,5.66,75.0
Dubai,19.77,88.0,1017.0,2.06,2.0
Moscow,1.03,99.0,997.0,3.7,100.0
London,8.27,91.0,985.0,5.14,75.0
New York,4.05,67.0,1010.0,4.63,40.0
Paris,10.8,80.0,998.0,8.75,100.0
Sydney,20.77,67.0,1021.0,5.66,75.0
Tokyo,11.57,71.0,1001.0,2.57,20.0
Dubai,19.77,88.0,1017.0,2.06,2.0
Moscow,0.88,99.0,997.0,3.7,100.0
London,8.27,91.0,985.0,5.14,75.0
New York,4.05,67.0,1010.0,4.63,40.0
Paris,10.8,80.0,998.0,8.75,100.0
Tokyo,11.57,71.0,1001.0,2.57,20.0
Sydney,20.69,66.0,1021.0,5.66,75.0
Dubai,20.54,83.0,1017.0,1.54,2.0
Moscow,0.88,99.0,997.0,3.7,100.0
London,8.33,91.0,984.0,5.14,75.0
New York,4.0,67.0,1010.0,4.63,40.0
Paris,10.82,82.0,998.0,9.26,75.0
Tokyo,11.57,71.0,1001.0,2.57,20.0
Sydney,20.69,66.0,1021.0,5.66,75.0
Dubai,20.54,83.0,1017.0,1.54,2.0
Moscow,1.0,99.0,997.0,3.7,100.0
London,8.33,91.0,984.0,5.14,75.0
New York,4.0,67.0,1010.0,4.63,40.0
Paris,10.82,82.0,998.0,9.26,75.0
Sydney,20.64,67.0,1021.0,4.63,100.0
Dubai,20.54,83.0,1017.0,1.54,2.0
Tokyo,11.57,71.0,1001.0,2.57,20.0
Moscow,1.0,99.0,997.0,3.7,100.0
London,8.3,91.0,984.0,5.14,75.0
New York,4.03,67.0,1010.0,4.63,40.0
Paris,10.62,82.0,998.0,9.26,75.0
Tokyo,11.79,68.0,1002.0,2.06,40.0
Sydney,20.64,67.0,1021.0,4.63,100.0
Dubai,20.54,83.0,1017.0,1.54,2.0
Moscow,1.0,99.0,997.0,3.7,100.0
New York,4.03,67.0,1010.0,4.63,40.0
London,8.3,91.0,984.0,5.14,75.0
Paris,10.62,82.0,998.0,9.26,75.0
Sydney,20.63,66.0,1021.0,4.63,100.0
Tokyo,11.79,68.0,1002.0,2.06,40.0
Moscow,1.0,99.0,997.0,3.7,100.0
Dubai,20.54,83.0,1017.0,1.54,2.0
London,8.37,91.0,984.0,5.36,75.0
New York,4.02,68.0,1010.0,4.63,40.0
Paris,10.45,83.0,998.0,9.26,75.0
Tokyo,11.88,68.0,1002.0,2.06,40.0
Sydney,20.63,66.0,1021.0,4.63,100.0
Dubai,20.54,83.0,1017.0,1.54,2.0
Moscow,1.0,98.0,997.0,3.5,100.0
New York,4.02,68.0,1010.0,4.63,40.0
London,8.37,91.0,984.0,5.36,75.0
Paris,10.45,83.0,998.0,9.26,75.0
Tokyo,11.88,68.0,1002.0,2.06,40.0
Sydney,20.67,66.0,1021.0,4.63,100.0
Moscow,1.0,98.0,997.0,3.5,100.0
Dubai,20.54,83.0,1017.0,1.54,3.0
London,8.33,91.0,984.0,6.26,75.0
Paris,9.9,84.0,998.0,11.32,75.0
New York,4.03,68.0,1010.0,4.63,40.0
Sydney,20.67,66.0,1021.0,4.63,100.0
Tokyo,11.97,68.0,1002.0,2.06,40.0
Moscow,1.0,98.0,997.0,3.5,100.0
Dubai,20.54,83.0,1017.0,1.54,3.0
London,8.33,91.0,984.0,6.26,75.0
New York,4.03,68.0,1010.0,4.63,40.0
Sydney,20.82,66.0,1021.0,4.63,100.0
Paris,9.9,84.0,998.0,11.32,75.0
Tokyo,11.97,68.0,1002.0,2.06,40.0
Dubai,20.54,83.0,1017.0,1.54,3.0
Moscow,1.0,98.0,997.0,3.5,100.0
London,8.34,90.0,984.0,5.14,75.0
Paris,9.8,83.0,998.0,11.32,75.0
New York,3.96,69.0,1010.0,2.68,40.0
Sydney,20.82,66.0,1021.0,4.63,100.0
Tokyo,12.17,66.0,1001.0,2.06,40.0
Dubai,20.54,83.0,1017.0,1.54,3.0
Moscow,1.0,98.0,997.0,3.5,100.0
London,8.34,90.0,984.0,5.14,75.0
New York,3.96,69.0,1010.0,2.68,40.0
Paris,9.8,83.0,998.0,11.32,75.0
Sydney,20.88,66.0,1021.0,4.63,100.0
Dubai,20.54,83.0,1017.0,1.54,3.0
Tokyo,12.17,66.0,1001.0,2.06,40.0
Moscow,1.0,98.0,997.0,3.5,100.0
New York,3.94,68.0,1010.0,5.14,100.0
London,8.34,90.0,984.0,5.14,75.0
Paris,9.52,85.0,998.0,8.75,75.0
Sydney,20.83,66.0,1021.0,4.63,100.0
Dubai,19.16,66.0,1018.0,0.69,3.0
Tokyo,12.33,66.0,1000.0,2.06,20.0
Moscow,1.0,98.0,997.0,3.5,100.0
London,8.32,89.0,984.0,7.2,75.0
New York,3.94,68.0,1010.0,5.14,100.0
Paris,9.52,84.0,998.0,11.32,75.0
Sydney,20.83,66.0,1021.0,4.63,100.0
Tokyo,12.33,66.0,1000.0,2.06,20.0
Dubai,19.16,66.0,1018.0,0.69,3.0
Moscow,1.0,98.0,997.0,3.5,100.0
London,8.32,89.0,984.0,7.2,75.0
New York,3.99,69.0,1010.0,5.14,100.0
Paris,9.52,84.0,998.0,11.32,75.0
Sydney,20.9,67.0,1021.0,4.12,100.0
Dubai,22.54,73.0,1018.0,2.06,3.0
Tokyo,12.33,66.0,1000.0,2.06,20.0
Moscow,1.0,98.0,997.0,3.5,100.0
London,8.2,89.0,984.0,7.2,75.0
New York,3.99,69.0,1010.0,5.14,100.0
Paris,9.15,84.0,998.0,9.77,75.0
Sydney,20.9,67.0,1021.0,4.12,100.0
Tokyo,12.33,66.0,1000.0,2.06,20.0
Dubai,22.54,73.0,1018.0,2.06,3.0
Moscow,1.0,98.0,997.0,3.5,100.0
London,8.2,89.0,984.0,7.2,75.0
Paris,9.15,84.0,998.0,9.77,75.0
New York,3.96,68.0,1010.0,5.14,100.0
Sydney,20.78,67.0,1021.0,4.12,100.0
Tokyo,12.58,64.0,1001.0,2.06,40.0
Dubai,22.54,73.0,1018.0,2.06,3.0
Moscow,1.0,98.0,997.0,3.5,100.0
London,8.05,88.0,984.0,7.2,75.0
New York,3.96,68.0,1010.0,5.14,100.0
Sydney,20.78,67.0,1021.0,4.12,100.0
Paris,9.1,84.0,997.0,9.77,75.0
Tokyo,12.58,64.0,1001.0,2.06,40.0
Moscow,1.0,98.0,997.0,3.5,100.0
Dubai,22.54,73.0,1018.0,2.06,3.0
London,8.05,88.0,984.0,7.2,75.0
New York,4.1,68.0,1010.0,5.14,100.0
Sydney,20.7,67.0,1020.0,4.12,100.0
Paris,9.1,84.0,997.0,9.77,75.0
Tokyo,12.68,63.0,1001.0,2.06,40.0
Moscow,0.93,98.0,997.0,3.5,100.0
Dubai,22.54,73.0,1018.0,2.06,3.0
London,7.79,87.0,984.0,7.2,75.0
New York,4.1,68.0,1010.0,5.14,100.0
Paris,9.06,84.0,998.0,9.77,75.0
Sydney,20.7,67.0,1020.0,4.12,100.0
Tokyo,12.68,63.0,1001.0,2.06,40.0
Dubai,22.54,73.0,1018.0,2.06,3.0
Moscow,0.93,98.0,997.0,3.5,100.0
London,7.79,87.0,984.0,7.2,75.0
New York,4.1,68.0,1010.0,5.14,100.0
Sydney,20.71,67.0,1020.0,4.12,100.0
Paris,9.06,84.0,998.0,9.77,75.0
Tokyo,12.93,62.0,1001.0,2.06,40.0
Dubai,22.54,73.0,1018.0,2.06,3.0
Moscow,0.99,98.0,998.0,3.66,100.0
New York,4.1,68.0,1010.0,5.14,100.0
London,7.68,88.0,984.0,8.49,75.0
Sydney,20.71,67.0,1020.0,4.12,100.0
Paris,9.0,83.0,997.0,9.26,100.0
Tokyo,12.93,62.0,1001.0,2.06,40.0
Moscow,0.99,98.0,998.0,3.66,100.0
Dubai,22.54,73.0,1018.0,2.06,3.0
London,7.68,88.0,984.0,8.49,75.0
New York,4.12,69.0,1010.0,2.68,100.0
Paris,9.0,83.0,997.0,9.26,100.0
Sydney,20.76,67.0,1021.0,3.6,100.0
Dubai,22.54,73.0,1018.0,2.06,5.0
Tokyo,12.93,62.0,1001.0,2.06,40.0
Moscow,0.99,97.0,997.0,3.75,100.0
London,7.45,87.0,984.0,7.2,75.0
New York,4.12,69.0,1010.0,2.68,100.0
Paris,9.02,83.0,997.0,9.26,100.0
Sydney,20.76,67.0,1021.0,3.6,100.0
Tokyo,12.93,62.0,1001.0,2.06,40.0
Dubai,22.54,73.0,1018.0,2.06,5.0
Moscow,0.99,97.0,997.0,3.75,100.0
London,7.45,87.0,984.0,7.2,75.0
New York,4.16,68.0,1010.0,5.66,100.0
Paris,9.02,83.0,997.0,9.26,100.0
Sydney,20.74,66.0,1020.0,3.6,100.0
Dubai,24.0,73.0,1018.0,1.03,5.0
Tokyo,12.98,62.0,1000.0,1.54,40.0
Moscow,0.99,97.0,997.0,3.75,100.0
London,7.1,87.0,985.0,10.29,100.0
New York,4.16,68.0,1010.0,5.66,100.0
Sydney,20.74,66.0,1020.0,3.6,100.0
Paris,9.05,82.0,997.0,9.26,100.0
Tokyo,12.98,62.0,1000.0,1.54,40.0
Dubai,24.0,73.0,1018.0,1.03,5.0
Moscow,0.99,97.0,997.0,3.75,100.0
London,7.1,87.0,985.0,10.29,100.0
New York,4.24,67.0,1011.0,5.66,100.0
Paris,9.05,82.0,997.0,9.26,100.0
Sydney,20.73,66.0,1020.0,3.6,100.0
Tokyo,12.8,63.0,1000.0,2.06,75.0
Moscow,0.99,97.0,997.0,3.75,100.0
Dubai,24.0,73.0,1018.0,1.03,5.0
London,6.96,87.0,985.0,10.29,100.0
New York,4.24,67.0,1011.0,5.66,100.0
Paris,8.97,81.0,997.0,9.26,100.0
Sydney,20.73,66.0,1020.0,3.6,100.0
Tokyo,12.8,63.0,1000.0,2.06,75.0
Dubai,24.0,73.0,1018.0,1.03,5.0
Moscow,0.99,97.0,997.0,3.75,100.0
New York,4.29,67.0,1011.0,5.66,100.0
London,6.96,87.0,985.0,10.29,100.0
Paris,8.97,81.0,997.0,9.26,100.0
Sydney,20.76,67.0,1021.0,3.6,75.0
Tokyo,12.77,63.0,1000.0,2.06,75.0
Dubai,24.0,73.0,1018.0,1.03,5.0
Moscow,0.93,97.0,997.0,3.75,100.0
London,6.91,86.0,985.0,10.29,100.0
New York,4.29,67.0,1011.0,5.66,100.0
Paris,8.93,82.0,997.0,9.26,100.0
Sydney,20.76,67.0,1021.0,3.6,75.0
Tokyo,12.77,63.0,1000.0,2.06,75.0
Dubai,24.0,73.0,1018.0,1.03,5.0
Moscow,0.93,97.0,997.0,3.75,100.0
London,6.91,86.0,985.0,10.29,100.0
New York,4.34,66.0,1011.0,5.66,100.0
Paris,8.93,82.0,997.0,9.26,100.0
Sydney,20.74,66.0,1020.0,3.6,75.0
Dubai,24.0,73.0,1018.0,1.03,6.0
Tokyo,12.88,63.0,1001.0,2.06,75.0
Moscow,0.99,97.0,997.0,3.75,100.0
London,6.69,87.0,985.0,7.2,20.0
New York,4.34,66.0,1011.0,5.66,100.0
Sydney,20.74,66.0,1020.0,3.6,75.0
Paris,9.04,81.0,997.0,9.26,100.0
Tokyo,12.88,63.0,1001.0,2.06,75.0
Moscow,0.99,97.0,997.0,3.75,100.0
Dubai,24.0,73.0,1018.0,1.03,6.0
London,6.69,87.0,985.0,7.2,20.0
New York,4.37,66.0,1011.0,5.66,100.0
Paris,9.04,81.0,997.0,9.26,100.0
Sydney,20.79,66.0,1021.0,3.09,75.0
Tokyo,12.77,64.0,1001.0,2.06,75.0
Dubai,24.0,73.0,1018.0,1.03,6.0
Moscow,0.99,98.0,997.0,3.63,100.0
London,6.46,87.0,985.0,7.2,20.0
New York,4.37,66.0,1011.0,5.66,100.0
Paris,9.01,79.0,998.0,10.29,100.0
Sydney,20.79,66.0,1021.0,3.09,75.0
Dubai,24.0,73.0,1018.0,1.03,6.0
Tokyo,12.77,64.0,1001.0,2.06,75.0
Moscow,0.99,98.0,997.0,3.63,100.0
New York,4.46,65.0,1012.0,3.58,100.0
London,6.46,87.0,985.0,7.2,20.0
Paris,9.01,79.0,998.0,10.29,100.0
Sydney,20.79,66.0,1021.0,3.09,75.0
Tokyo,12.69,64.0,1001.0,2.06,75.0
Dubai,24.0,73.0,1018.0,1.03,6.0
Moscow,0.99,98.0,997.0,3.63,100.0
London,6.35,87.0,985.0,7.2,20.0
New York,4.46,65.0,1012.0,3.58,100.0
Paris,9.01,79.0,998.0,10.29,100.0
Sydney,20.79,66.0,1021.0,3.09,75.0
Tokyo,12.69,64.0,1001.0,2.06,75.0
Dubai,24.0,73.0,1018.0,1.03,6.0
Moscow,0.99,98.0,997.0,3.63,100.0
London,6.24,87.0,986.0,5.66,100.0
New York,4.58,63.0,1012.0,5.81,100.0
Paris,9.01,79.0,998.0,10.29,100.0
Tokyo,12.71,64.0,1001.0,2.06,75.0
Sydney,20.77,66.0,1021.0,3.09,75.0
Dubai,23.16,63.0,1018.0,1.82,6.0
Moscow,0.99,98.0,997.0,3.63,100.0
London,6.24,87.0,986.0,5.66,100.0
New York,4.58,63.0,1012.0,5.81,100.0
Paris,9.05,79.0,998.0,10.29,100.0
Sydney,20.77,66.0,1021.0,3.09,75.0
Tokyo,12.68,65.0,1000.0,2.06,75.0
Dubai,23.16,63.0,1018.0,1.82,6.0
Moscow,0.99,98.0,997.0,3.63,100.0
London,6.21,88.0,985.0,5.66,100.0
Paris,9.05,79.0,998.0,10.29,100.0
New York,4.6,63.0,1012.0,6.71,100.0
Sydney,20.73,66.0,1021.0,3.09,75.0
Tokyo,12.68,65.0,1000.0,2.06,75.0
Dubai,26.0,65.0,1019.0,4.12,6.0
Moscow,0.99,98.0,997.0,3.63,100.0
London,6.21,88.0,985.0,5.66,100.0
New York,4.6,63.0,1012.0,6.71,100.0
Paris,8.9,79.0,998.0,9.26,100.0
Sydney,20.73,66.0,1021.0,3.09,75.0
Dubai,26.0,65.0,1019.0,4.12,6.0
Tokyo,12.59,65.0,1000.0,2.57,75.0
Moscow,0.99,98.0,997.0,3.63,100.0
London,6.21,88.0,986.0,5.66,100.0
New York,4.6,63.0,1012.0,5.66,100.0
Sydney,20.83,66.0,1021.0,3.6,75.0
Paris,8.9,79.0,998.0,9.26,100.0
Tokyo,12.59,65.0,1000.0,2.57,75.0
Dubai,26.0,65.0,1019.0,4.12,6.0
Moscow,0.93,98.0,997.0,3.63,100.0
London,6.21,88.0,986.0,5.66,100.0
New York,4.6,63.0,1012.0,5.66,100.0
Paris,8.86,79.0,998.0,9.26,100.0
Tokyo,12.59,65.0,1000.0,2.57,75.0
Sydney,20.83,66.0,1021.0,3.6,75.0
Dubai,26.0,65.0,1019.0,4.12,6.0
Moscow,0.93,98.0,997.0,3.63,100.0
London,6.14,88.0,986.0,4.12,100.0
New York,4.62,62.0,1012.0,5.66,100.0
Sydney,20.63,68.0,1021.0,3.6,75.0
Paris,8.86,79.0,998.0,9.26,100.0
Tokyo,12.59,65.0,1000.0,2.57,75.0
Moscow,0.93,98.0,998.0,3.88,100.0
Dubai,26.0,65.0,1019.0,4.12,9.0
London,6.14,88.0,986.0,4.12,100.0
Paris,8.85,79.0,998.0,9.26,100.0
New York,4.62,62.0,1012.0,5.66,100.0
Sydney,20.63,68.0,1021.0,3.6,75.0
Dubai,26.0,65.0,1019.0,4.12,9.0
Tokyo,12.47,66.0,1000.0,2.57,75.0
Moscow,0.93,98.0,998.0,3.88,100.0
London,6.17,87.0,986.0,4.12,100.0
New York,4.54,61.0,1012.0,5.66,100.0
Paris,8.85,79.0,998.0,9.26,100.0
Sydney,20.7,68.0,1021.0,3.6,75.0
Tokyo,12.47,66.0,1000.0,2.57,75.0
Dubai,26.0,65.0,1019.0,4.12,9.0
Moscow,1.32,98.0,998.0,3.88,100.0
London,6.17,87.0,986.0,4.12,100.0
Paris,8.5,81.0,999.0,8.75,75.0
New York,4.54,61.0,1012.0,5.66,100.0
Sydney,20.7,68.0,1021.0,3.6,75.0
Tokyo,12.39,66.0,1000.0,2.57,75.0
Moscow,1.32,98.0,998.0,3.88,100.0
Dubai,26.0,65.0,1019.0,4.12,9.0
New York,4.46,62.0,1013.0,5.36,100.0
London,6.14,87.0,986.0,4.12,100.0
Paris,8.5,81.0,999.0,8.75,75.0
Tokyo,12.39,66.0,1000.0,2.57,75.0
Sydney,20.72,68.0,1022.0,5.66,75.0
Dubai,26.0,65.0,1019.0,4.12,9.0
Moscow,1.32,98.0,998.0,3.88,100.0
London,6.14,87.0,986.0,4.12,100.0
New York,4.46,62.0,1013.0,5.36,100.0
Sydney,20.72,68.0,1022.0,5.66,75.0
Paris,8.42,81.0,999.0,8.75,75.0
Tokyo,12.31,66.0,1000.0,2.57,75.0
Moscow,1.32,98.0,998.0,3.88,100.0
Dubai,26.0,65.0,1019.0,4.12,9.0
London,6.12,88.0,986.0,4.12,100.0
New York,4.52,60.0,1012.0,5.66,100.0
Paris,8.42,81.0,999.0,8.75,75.0
Sydney,20.72,69.0,1022.0,5.66,75.0
Tokyo,12.04,68.0,1000.0,2.57,75.0
Dubai,26.0,65.0,1019.0,4.12,9.0
Moscow,1.41,98.0,998.0,3.88,100.0
New York,4.52,60.0,1012.0,5.66,100.0
London,6.12,88.0,986.0,4.12,100.0
Paris,8.42,81.0,999.0,8.75,75.0
Sydney,20.72,69.0,1022.0,5.66,75.0
Tokyo,12.04,68.0,1000.0,2.57,75.0
Dubai,26.0,65.0,1018.0,4.63,75.0
Moscow,1.41,98.0,998.0,3.88,100.0
London,6.21,88.0,986.0,4.63,100.0
New York,4.44,60.0,1013.0,5.66,100.0
Sydney,20.6,68.0,1021.0,4.12,75.0
Paris,8.42,81.0,999.0,8.75,75.0
Tokyo,12.02,68.0,1000.0,2.57,75.0
Dubai,26.0,65.0,1018.0,4.63,75.0
Moscow,1.36,98.0,998.0,3.88,100.0
London,6.21,88.0,986.0,4.63,100.0
New York,4.44,60.0,1013.0,5.66,100.0
Sydney,20.6,68.0,1021.0,4.12,75.0
Paris,8.37,81.0,1000.0,7.2,75.0
Tokyo,12.02,68.0,1000.0,2.57,75.0
Dubai,26.0,65.0,1018.0,4.63,75.0
Moscow,1.36,98.0,998.0,3.88,100.0
London,6.24,88.0,986.0,4.63,100.0
New York,4.45,60.0,1013.0,5.66,100.0
Paris,8.37,81.0,1000.0,7.2,75.0
Sydney,20.65,68.0,1022.0,4.12,75.0
Tokyo,12.16,66.0,1000.0,2.57,75.0
Dubai,26.0,65.0,1018.0,4.63,75.0
Moscow,1.24,98.0,998.0,3.88,100.0
London,6.24,88.0,986.0,4.63,100.0
New York,4.45,60.0,1013.0,5.66,100.0
Paris,8.36,81.0,1000.0,7.2,75.0
Tokyo,12.16,66.0,1000.0,2.57,75.0
Sydney,20.65,68.0,1022.0,4.12,75.0
Dubai,26.0,65.0,1018.0,4.63,75.0
Moscow,1.24,98.0,998.0,3.88,100.0
London,6.4,88.0,986.0,5.14,20.0
New York,4.4,60.0,1013.0,5.66,100.0
Paris,8.36,81.0,1000.0,7.2,75.0
Sydney,20.29,69.0,1021.0,4.12,75.0
Tokyo,12.12,67.0,1000.0,2.57,75.0
Dubai,26.0,65.0,1018.0,4.63,75.0
Moscow,1.24,98.0,998.0,3.88,100.0
London,6.4,88.0,986.0,5.14,20.0
New York,4.4,60.0,1013.0,5.66,100.0
Paris,8.32,81.0,1000.0,7.2,75.0
Sydney,20.29,69.0,1021.0,4.12,75.0
Tokyo,12.12,67.0,1000.0,2.57,75.0
Dubai,26.0,65.0,1018.0,4.63,75.0
Moscow,1.24,98.0,998.0,3.88,100.0
London,6.44,88.0,986.0,5.14,20.0
New York,4.41,60.0,1013.0,5.66,100.0
Paris,8.32,81.0,1000.0,7.2,75.0
Sydney,20.32,69.0,1021.0,4.12,75.0
Tokyo,11.94,68.0,1000.0,2.06,75.0
Dubai,26.0,65.0,1018.0,4.63,75.0
Moscow,1.12,98.0,998.0,3.99,100.0
London,6.44,88.0,986.0,5.14,20.0
New York,4.41,60.0,1013.0,5.66,100.0
Paris,8.32,82.0,1000.0,8.23,100.0
Sydney,20.32,69.0,1021.0,4.12,75.0
Tokyo,11.94,68.0,1000.0,2.06,75.0
Dubai,26.0,65.0,1018.0,4.63,75.0
Moscow,1.12,98.0,998.0,3.99,100.0
London,6.56,88.0,986.0,5.14,20.0
New York,4.4,61.0,1013.0,4.47,100.0
Paris,8.32,82.0,1000.0,8.23,100.0
Sydney,20.13,72.0,1022.0,3.6,75.0
Tokyo,11.8,69.0,1000.0,2.06,75.0
Moscow,1.24,98.0,998.0,3.99,100.0
Dubai,26.0,65.0,1018.0,4.63,75.0
London,6.56,88.0,986.0,5.14,20.0
New York,4.4,61.0,1013.0,4.47,100.0
Paris,8.37,82.0,1000.0,8.23,100.0
Tokyo,11.8,69.0,1000.0,2.06,75.0
Sydney,20.13,72.0,1022.0,3.6,75.0
Moscow,1.24,98.0,998.0,3.99,100.0
Dubai,26.0,65.0,1018.0,4.63,75.0
London,6.56,88.0,986.0,5.14,20.0
New York,4.35,60.0,1013.0,7.72,100.0
Paris,8.38,82.0,1000.0,8.23,100.0
Sydney,20.08,71.0,1022.0,3.6,75.0
Tokyo,11.78,69.0,1000.0,2.06,75.0
Dubai,26.0,65.0,1018.0,4.63,75.0
Moscow,1.24,98.0,998.0,3.99,100.0
New York,4.35,60.0,1013.0,7.72,100.0
London,6.73,88.0,986.0,4.12,100.0
Paris,8.38,82.0,1000.0,8.23,100.0
Sydney,19.88,71.0,1022.0,3.6,75.0
Tokyo,11.78,69.0,1000.0,2.06,75.0
Dubai,24.85,64.0,1016.0,4.64,17.0
Moscow,1.24,98.0,998.0,3.99,100.0
London,6.73,88.0,986.0,4.12,100.0
New York,4.36,60.0,1013.0,7.72,100.0
Paris,8.43,82.0,1001.0,7.2,75.0
Sydney,19.88,71.0,1022.0,3.6,75.0
Tokyo,11.67,70.0,1000.0,2.06,75.0
Dubai,24.85,64.0,1016.0,4.64,17.0
Moscow,1.12,98.0,998.0,3.99,100.0
London,6.85,88.0,986.0,4.12,100.0
New York,4.36,60.0,1013.0,7.72,100.0
Paris,8.43,82.0,1001.0,7.2,75.0
Sydney,19.89,70.0,1023.0,5.66,75.0
Tokyo,11.67,70.0,1000.0,2.06,75.0
Dubai,26.0,65.0,1017.0,5.66,40.0
Moscow,1.12,98.0,998.0,3.99,100.0
London,6.85,88.0,986.0,4.12,100.0
New York,4.36,59.0,1013.0,7.72,100.0
Paris,8.55,81.0,1001.0,7.2,75.0
Sydney,19.89,70.0,1023.0,5.66,75.0
Dubai,26.0,65.0,1017.0,5.66,40.0
Tokyo,11.5,70.0,1000.0,0.51,75.0
Moscow,1.12,98.0,998.0,3.99,100.0
London,7.06,87.0,986.0,4.12,100.0
New York,4.36,59.0,1013.0,7.72,100.0
Paris,8.55,81.0,1001.0,7.2,75.0
Sydney,19.81,71.0,1022.0,5.66,75.0
Tokyo,11.5,70.0,1000.0,0.51,75.0
Dubai,26.0,65.0,1017.0,5.66,40.0
Moscow,1.12,98.0,998.0,3.99,100.0
London,7.06,87.0,986.0,4.12,100.0
New York,4.34,59.0,1013.0,7.72,100.0
Paris,8.58,81.0,1001.0,7.2,75.0
Sydney,19.81,71.0,1022.0,5.66,75.0
Tokyo,11.43,71.0,1000.0,0.51,75.0
Moscow,1.12,97.0,998.0,4.73,100.0
Dubai,26.0,65.0,1017.0,5.66,40.0
London,7.4,87.0,986.0,5.14,40.0
New York,4.34,59.0,1013.0,7.72,100.0
Paris,8.58,81.0,1001.0,7.2,75.0
Sydney,19.79,70.0,1021.0,5.66,75.0
Tokyo,11.43,71.0,1000.0,0.51,75.0
Dubai,26.0,65.0,1017.0,5.66,40.0
Moscow,1.12,97.0,998.0,4.73,100.0
London,7.4,87.0,986.0,5.14,40.0
New York,4.34,59.0,1013.0,7.72,100.0
Paris,8.99,79.0,1001.0,7.72,75.0
Sydney,19.79,70.0,1021.0,5.66,75.0
Tokyo,11.39,71.0,1000.0,0.51,75.0
Dubai,26.0,65.0,1017.0,5.66,40.0
Moscow,1.06,97.0,998.0,4.73,100.0
London,7.68,86.0,986.0,5.14,40.0
Paris,8.99,79.0,1001.0,7.72,75.0
New York,4.34,59.0,1013.0,7.72,100.0
Sydney,19.71,71.0,1023.0,5.14,75.0
Tokyo,11.39,71.0,1000.0,0.51,75.0
Dubai,26.0,65.0,1017.0,5.66,40.0
Moscow,1.06,97.0,998.0,4.73,100.0
London,7.68,86.0,986.0,5.14,40.0
Paris,9.16,78.0,1001.0,7.72,75.0
New York,4.29,59.0,1013.0,4.92,100.0
Sydney,19.71,71.0,1023.0,5.14,75.0
Tokyo,11.31,71.0,1000.0,1.03,75.0
Dubai,26.0,65.0,1017.0,5.66,40.0
Moscow,1.12,97.0,998.0,4.73,100.0
London,7.71,86.0,986.0,5.14,40.0
New York,4.29,59.0,1013.0,4.92,100.0
Paris,9.16,78.0,1001.0,7.72,75.0
Sydney,19.68,71.0,1022.0,5.14,75.0
Tokyo,11.31,71.0,1000.0,1.03,75.0
Dubai,24.94,64.0,1016.0,4.63,15.0
Moscow,1.12,97.0,998.0,4.73,100.0
London,7.71,86.0,986.0,5.14,40.0
New York,4.28,58.0,1013.0,6.69,100.0
Sydney,19.68,71.0,1022.0,5.14,75.0
Paris,9.24,78.0,1001.0,7.72,75.0
Tokyo,11.02,72.0,1000.0,1.03,75.0
Dubai,24.94,64.0,1016.0,4.63,15.0
Moscow,1.22,97.0,998.0,4.73,100.0
New York,4.28,58.0,1013.0,6.69,100.0
London,7.92,85.0,986.0,6.17,40.0
Paris,9.24,78.0,1001.0,7.72,75.0
Sydney,19.5,72.0,1022.0,5.14,75.0
Tokyo,11.02,72.0,1000.0,1.03,75.0
Dubai,26.0,61.0,1016.0,5.66,20.0
Moscow,1.22,97.0,998.0,4.73,100.0
London,7.92,85.0,986.0,6.17,40.0
New York,4.26,58.0,1013.0,6.71,100.0
Sydney,19.5,72.0,1022.0,5.14,75.0
Paris,9.58,77.0,1002.0,7.72,100.0
Tokyo,10.81,72.0,1000.0,1.03,75.0
Moscow,1.12,97.0,998.0,4.73,100.0
Dubai,26.0,61.0,1016.0,5.66,20.0
New York,4.26,58.0,1013.0,6.71,100.0
London,7.96,85.0,986.0,6.17,40.0
Paris,9.58,77.0,1002.0,7.72,100.0
Sydney,19.47,74.0,1023.0,4.12,75.0
Tokyo,10.81,72.0,1000.0,1.03,75.0
Dubai,26.0,61.0,1016.0,5.66,20.0
Moscow,1.12,97.0,998.0,4.73,100.0
London,7.96,85.0,986.0,6.17,40.0
New York,4.24,58.0,1013.0,6.69,100.0
Paris,9.62,76.0,1002.0,7.72,100.0
Sydney,19.47,74.0,1023.0,4.12,75.0
Tokyo,10.67,73.0,1001.0,1.03,75.0
Dubai,26.0,61.0,1016.0,5.66,20.0
Moscow,1.12,97.0,998.0,4.73,100.0
London,8.08,85.0,986.0,6.17,40.0
New York,4.24,58.0,1013.0,6.69,100.0
Paris,9.62,76.0,1002.0,7.72,100.0
Sydney,19.52,72.0,1022.0,4.12,75.0
Tokyo,10.67,73.0,1001.0,1.03,75.0
Dubai,26.0,61.0,1016.0,5.66,20.0
Moscow,1.12,97.0,998.0,4.73,100.0
London,8.08,85.0,986.0,6.17,40.0
New York,4.17,58.0,1014.0,6.69,100.0
Sydney,19.52,72.0,1022.0,4.12,75.0
Paris,9.73,76.0,1002.0,7.72,100.0
Tokyo,10.67,73.0,1001.0,1.03,75.0
Dubai,26.0,61.0,1016.0,5.66,20.0
Moscow,1.12,89.0,999.0,4.87,100.0
New York,4.17,58.0,1014.0,6.69,100.0
London,8.02,87.0,986.0,5.66,75.0
Paris,9.73,76.0,1002.0,7.72,100.0
Sydney,19.52,72.0,1022.0,4.12,75.0
Tokyo,10.67,73.0,1001.0,1.03,75.0
Dubai,26.0,61.0,1016.0,5.66,20.0
Moscow,1.12,89.0,999.0,4.87,100.0
London,8.02,87.0,986.0,5.66,75.0
New York,4.19,58.0,1013.0,6.69,100.0
Paris,9.97,75.0,1002.0,8.23,75.0
Sydney,19.52,72.0,1022.0,4.12,75.0
Tokyo,10.78,72.0,1001.0,2.57,75.0
Dubai,26.0,61.0,1016.0,5.66,20.0
Moscow,1.08,89.0,999.0,4.87,100.0
London,8.08,87.0,986.0,5.66,75.0
New York,4.19,58.0,1013.0,6.69,100.0
Paris,9.97,75.0,1002.0,8.23,75.0
Sydney,19.38,74.0,1023.0,3.6,75.0
Tokyo,10.78,72.0,1001.0,2.57,75.0
Dubai,26.0,61.0,1016.0,5.66,20.0
Moscow,1.08,89.0,999.0,4.87,100.0
London,8.08,87.0,986.0,5.66,75.0
New York,4.05,60.0,1013.0,4.02,7.0
Paris,9.95,76.0,1002.0,8.23,75.0
Tokyo,11.14,72.0,1001.0,2.57,75.0
Sydney,19.38,74.0,1023.0,3.6,75.0
Dubai,26.0,61.0,1016.0,5.66,20.0
Moscow,1.03,89.0,999.0,4.87,100.0
London,8.13,88.0,986.0,5.66,75.0
New York,4.05,60.0,1013.0,4.02,7.0
Sydney,19.38,74.0,1023.0,3.6,75.0
Paris,9.95,76.0,1002.0,8.23,75.0
Tokyo,11.14,72.0,1001.0,2.57,75.0
Moscow,1.03,89.0,999.0,4.87,100.0
Dubai,24.94,65.0,1015.0,5.52,14.0
New York,4.04,59.0,1014.0,8.75,100.0
London,8.09,88.0,986.0,5.66,75.0
Paris,9.98,76.0,1002.0,8.23,75.0
Sydney,19.38,74.0,1023.0,3.6,75.0
Tokyo,11.14,72.0,1001.0,2.57,75.0
Dubai,24.94,65.0,1015.0,5.52,14.0
Moscow,1.03,89.0,999.0,4.87,100.0
London,8.18,88.0,986.0,5.14,40.0
New York,4.04,59.0,1014.0,8.75,100.0
Sydney,19.36,73.0,1022.0,3.6,75.0
Paris,10.0,75.0,1001.0,8.23,75.0
Tokyo,11.08,72.0,1001.0,2.57,75.0
Dubai,24.94,65.0,1015.0,5.52,14.0
Moscow,1.03,89.0,999.0,4.87,100.0
London,8.09,83.0,990.0,7.2,75.0
New York,5.72,55.0,1015.0,4.63,100.0
Paris,8.03,80.0,1005.0,6.69,0.0
Sydney,18.86,92.0,1023.0,2.57,75.0
Tokyo,9.85,53.0,1011.0,13.38,0.0
Dubai,23.54,78.0,1017.0,1.54,22.0
Moscow,-9.48,69.0,1008.0,6.58,100.0
